{"name":"any-hallway.json","nodes":[{"id":"afzcYPTRdz","type":"root","content":"Root","top":"20px","left":"20px"},{"id":"sdPURm","type":"text","content":"You step into a very nondescript hallway.","left":"269px","top":"168px"},{"id":"DwTQki","type":"defer","content":"engine.setupRoom","left":"254px","top":"71px"},{"id":"QmsmTe","type":"switch","content":"switch","left":"439px","top":"359px"},{"id":"ANLrZG","type":"switch_conditional","content":"player.get('event')","left":"539px","top":"458px"},{"id":"ftPINJ","type":"next_file","content":"${player.get('event')}.json","left":"604px","top":"536px"},{"id":"rtSUEE","type":"switch_default","content":"default","left":"191px","top":"528px"},{"id":"UQCGef","type":"defer","content":"engine.showRoomChoices","left":"138px","top":"609px"},{"id":"VTmQoR","type":"next_file","content":"${player.get('nextFile')}.json","left":"133px","top":"702px"}],"links":[{"from":"sdPURm","to":"QmsmTe"},{"from":"DwTQki","to":"sdPURm"},{"from":"QmsmTe","to":"rtSUEE"},{"from":"QmsmTe","to":"ANLrZG"},{"from":"ANLrZG","to":"ftPINJ"},{"from":"rtSUEE","to":"UQCGef"},{"from":"UQCGef","to":"VTmQoR"},{"from":"afzcYPTRdz","to":"DwTQki"}]}