{"name":"crew-hangerc.json","nodes":[{"id":"zHXoofTunJ","type":"root","content":"Root","top":"20px","left":"20px"},{"id":"CIsyZl","type":"defer","content":"engine.setupRoom","left":"254px","top":"71px"},{"id":"cGDozw","type":"text","content":"You step into a ship hanger, one of three on the station, though clearly this is the crew-only one.  It feels cramped.  Tanker vessels are docked in painted-off stations, their cargo holds half-emptied, their reinforced shipping crates left in a disorganized mass across the floor, obstructing a clean walkway across the room.  The large doors that open into the vastness of space rumble ominously, streaks of electricity occasionally arcing from the electronic bolts that hold them in place.","left":"285px","top":"151px"},{"id":"JARfJr","type":"switch","content":"switch","left":"498px","top":"445px"},{"id":"neofrJ","type":"switch_conditional","content":"player.get('event')","left":"567px","top":"520px"},{"id":"GWCsDF","type":"next_file","content":"${player.get('event')}.json","left":"659px","top":"614px"},{"id":"IXMsaE","type":"switch_default","content":"default","left":"191px","top":"528px"},{"id":"hudihr","type":"defer","content":"engine.showRoomChoices","left":"138px","top":"609px"},{"id":"wcYMEM","type":"next_file","content":"${player.get('nextFile')}.json","left":"133px","top":"702px"}],"links":[{"from":"CIsyZl","to":"cGDozw"},{"from":"cGDozw","to":"JARfJr"},{"from":"JARfJr","to":"IXMsaE"},{"from":"JARfJr","to":"neofrJ"},{"from":"neofrJ","to":"GWCsDF"},{"from":"IXMsaE","to":"hudihr"},{"from":"hudihr","to":"wcYMEM"},{"from":"zHXoofTunJ","to":"CIsyZl"}]}