{"name":"crew-cafeteria.json","nodes":[{"id":"kLPPNkcKFF","type":"root","content":"Root","top":"20px","left":"20px"},{"id":"aqggdfnVpo","type":"action","content":"player.set('event', engine.getEvent());","left":"195px","top":"56px"},{"id":"MsfVsiWWFX","type":"switch","content":"switch","left":"547px","top":"264px"},{"id":"npRSVgbJRF","type":"switch_default","content":"default","left":"151px","top":"487px"},{"id":"faofnkYftr","type":"switch_conditional","content":"player.get('event')","left":"531px","top":"370px"},{"id":"siSfKRkMng","type":"next_file","content":"${player.get('event')}.json","left":"573px","top":"479px"},{"id":"yXgIAEFbpW","type":"text","content":"You step into the cafeteria.  Normally a bustling place where restless crew came to enjoy food and a much-needed break, it is now vacant, devoid of anything edible, and eerily quiet.","left":"258px","top":"142px"},{"id":"coKzXlKMWl","type":"choice","content":"","left":"486.857px","top":"636px"},{"id":"uKHltp","type":"choice_conditional","content":"player.get('north')","left":"117px","top":"810px"},{"id":"Hrkulm","type":"choice_conditional","content":"player.get('south')","left":"379px","top":"841px"},{"id":"guTfJZ","type":"choice_text","content":"Go through the south door.","left":"333px","top":"936px"},{"id":"DtKGDP","type":"choice_conditional","content":"player.get('east')","left":"610px","top":"856px"},{"id":"VrQTpR","type":"choice_text","content":"Go through the east door.","left":"585px","top":"963px"},{"id":"MxgaCo","type":"choice_conditional","content":"player.get('west')","left":"935px","top":"870px"},{"id":"dqCmeW","type":"choice_text","content":"Go through the west door.","left":"854px","top":"995px"},{"id":"IlSdlR","type":"choice_text","content":"Go through the north door.","left":"76px","top":"924px"},{"id":"oNsOqA","type":"next_file","content":"${player.get('north')}.json","left":"76px","top":"981.2px"},{"id":"kkrkBg","type":"next_file","content":"${player.get('south')}.json","left":"333px","top":"993.2px"},{"id":"zplbHO","type":"next_file","content":"${player.get('east')}.json","left":"585px","top":"1020.2px"},{"id":"ALkfqt","type":"next_file","content":"${player.get('west')}.json","left":"854px","top":"1052.2px"}],"links":[{"to":"aqggdfnVpo","from":"kLPPNkcKFF"},{"to":"npRSVgbJRF","from":"MsfVsiWWFX"},{"to":"faofnkYftr","from":"MsfVsiWWFX"},{"to":"siSfKRkMng","from":"faofnkYftr"},{"from":"npRSVgbJRF","to":"coKzXlKMWl"},{"from":"aqggdfnVpo","to":"yXgIAEFbpW"},{"from":"yXgIAEFbpW","to":"MsfVsiWWFX"},{"to":"uKHltp","from":"coKzXlKMWl"},{"to":"Hrkulm","from":"coKzXlKMWl"},{"to":"guTfJZ","from":"Hrkulm"},{"to":"DtKGDP","from":"coKzXlKMWl"},{"to":"VrQTpR","from":"DtKGDP"},{"to":"MxgaCo","from":"coKzXlKMWl"},{"to":"dqCmeW","from":"MxgaCo"},{"to":"IlSdlR","from":"uKHltp"},{"to":"oNsOqA","from":"IlSdlR"},{"to":"kkrkBg","from":"guTfJZ"},{"to":"zplbHO","from":"VrQTpR"},{"to":"ALkfqt","from":"dqCmeW"}]}