{"name":"crew-cafeteria.json","nodes":[{"id":"kLPPNkcKFF","type":"root","content":"Root","top":"20px","left":"20px"},{"id":"aqggdfnVpo","type":"action","content":"player.set('event', engine.getEvent());","left":"195px","top":"56px"},{"id":"MsfVsiWWFX","type":"switch","content":"switch","left":"547px","top":"264px"},{"id":"npRSVgbJRF","type":"switch_default","content":"default","left":"167px","top":"502px"},{"id":"faofnkYftr","type":"switch_conditional","content":"player.get('event')","left":"531px","top":"370px"},{"id":"siSfKRkMng","type":"next_file","content":"${player.get('event')}.json","left":"573px","top":"479px"},{"id":"yXgIAEFbpW","type":"text","content":"CAFETERIA<br/><br/>You step into the cafeteria.  Normally a bustling place where restless crew would come to enjoy food and a much-needed break; it is now vacant, devoid of anything edible, and eerily quiet.","left":"246px","top":"136px"},{"id":"MaIazT","type":"defer","content":"engine.showRoomChoices","left":"114px","top":"583px"},{"id":"fcSBQs","type":"next_file","content":"${player.get('nextFile')}.json","left":"108px","top":"677px"},{"id":"uwbgYA","type":"switch_conditional","content":"player.get('something')","left":"890px","top":"444px"},{"id":"neNKsb","type":"choice","content":"This node currently has no actual content.","left":"860px","top":"570px"},{"id":"obyDfQ","type":"choice_text","content":"This node currently has no actual content.","left":"634px","top":"716px"},{"id":"OLmWAM","type":"choice_text","content":"This node currently has no actual content.2","left":"855px","top":"784px"},{"id":"SIOZHr","type":"choice_text","content":"This node currently has no actual content.3","left":"1136px","top":"814px"}],"links":[{"to":"aqggdfnVpo","from":"kLPPNkcKFF"},{"to":"npRSVgbJRF","from":"MsfVsiWWFX"},{"to":"faofnkYftr","from":"MsfVsiWWFX"},{"to":"siSfKRkMng","from":"faofnkYftr"},{"from":"aqggdfnVpo","to":"yXgIAEFbpW"},{"from":"yXgIAEFbpW","to":"MsfVsiWWFX"},{"to":"MaIazT","from":"npRSVgbJRF"},{"to":"fcSBQs","from":"MaIazT"},{"to":"uwbgYA","from":"MsfVsiWWFX"},{"to":"neNKsb","from":"uwbgYA"},{"to":"obyDfQ","from":"neNKsb"},{"to":"OLmWAM","from":"neNKsb"},{"to":"SIOZHr","from":"neNKsb"},{"from":"obyDfQ","to":"neNKsb"},{"from":"OLmWAM","to":"neNKsb"},{"from":"SIOZHr","to":"neNKsb"}]}