{"name":"crew-foodstorage.json","nodes":[{"id":"saOTucFyiF","type":"root","content":"Root","top":"20px","left":"20px"},{"id":"lgCrkX","type":"defer","content":"engine.setupRoom","left":"293px","top":"71px"},{"id":"GawSkY","type":"text","content":"It is cold in here.  And dark.  You have entered into the room designated for food storage, and only recognize this by the vats of thick dust splayed haphazardly across the floor.  Though the dehydrated food is unappealing in this state, it is the cooking staff's duty to find ample ways to keep it fresh and tasty.  They are gone now.  And so is your appetite.","left":"308px","top":"168px"},{"id":"SafkeV","type":"switch","content":"switch","left":"446px","top":"402px"},{"id":"ysBAcf","type":"switch_conditional","content":"player.get('event')","left":"578px","top":"458px"},{"id":"GaCCgK","type":"next_file","content":"${player.get('event')}.json","left":"643px","top":"536px"},{"id":"YkIhOH","type":"switch_default","content":"default","left":"230px","top":"528px"},{"id":"hRgFng","type":"defer","content":"engine.showRoomChoices","left":"177px","top":"609px"},{"id":"CCJkbS","type":"next_file","content":"${player.get('nextFile')}.json","left":"172px","top":"702px"}],"links":[{"from":"lgCrkX","to":"GawSkY"},{"from":"GawSkY","to":"SafkeV"},{"from":"SafkeV","to":"YkIhOH"},{"from":"SafkeV","to":"ysBAcf"},{"from":"ysBAcf","to":"GaCCgK"},{"from":"YkIhOH","to":"hRgFng"},{"from":"hRgFng","to":"CCJkbS"},{"from":"saOTucFyiF","to":"lgCrkX"}]}