{"name":"crew-gym.json","nodes":[{"id":"nZkLKNVtKw","type":"root","content":"Root","top":"20px","left":"20px"},{"id":"pMDDfh","type":"defer","content":"engine.setupRoom","left":"234px","top":"73px"},{"id":"pOCNrV","type":"text","content":"The room contains a mess of gym equipment, having been knocked over and strewn across the floor.  The ventilation shafts above spew hot air into the room, and condensation is slowly forming and the small bits of cracked mirrors on the walls.","left":"249px","top":"170px"},{"id":"bsbgDb","type":"switch","content":"switch","left":"419px","top":"361px"},{"id":"ILOyAD","type":"switch_conditional","content":"player.get('event')","left":"519px","top":"460px"},{"id":"FIPFRl","type":"next_file","content":"${player.get('event')}.json","left":"584px","top":"538px"},{"id":"DzodbY","type":"switch_default","content":"default","left":"171px","top":"530px"},{"id":"wZhHtp","type":"defer","content":"engine.showRoomChoices","left":"118px","top":"611px"},{"id":"eZgzDs","type":"next_file","content":"${player.get('nextFile')}.json","left":"113px","top":"704px"}],"links":[{"from":"pMDDfh","to":"pOCNrV"},{"from":"pOCNrV","to":"bsbgDb"},{"from":"bsbgDb","to":"DzodbY"},{"from":"bsbgDb","to":"ILOyAD"},{"from":"ILOyAD","to":"FIPFRl"},{"from":"DzodbY","to":"wZhHtp"},{"from":"wZhHtp","to":"eZgzDs"},{"from":"nZkLKNVtKw","to":"pMDDfh"}]}