{"name":"crew-gameroom.json","nodes":[{"id":"kprySCIVWm","type":"root","content":"Root","top":"20px","left":"20px"},{"id":"DWFiUm","type":"defer","content":"engine.setupRoom","left":"230px","top":"54px"},{"id":"ggrGTs","type":"text","content":"Someone saw fit to repurpose this storage room as an free-form arcade.  The sight is fairly bare-bones: a few hacked-together terminals stand in the corners of the room, and a makeshift air-hockey table stands at askance angle in the center.  None of the appliances work any more.  Their screens are cracked, and the wiring for the table has been sliced clean through.","left":"236px","top":"129px"},{"id":"fLOfks","type":"switch","content":"switch","left":"398px","top":"374px"},{"id":"ZnRyIJ","type":"switch_conditional","content":"player.get('event')","left":"498px","top":"473px"},{"id":"wVsXHZ","type":"next_file","content":"${player.get('event')}.json","left":"563px","top":"551px"},{"id":"CtiCgd","type":"switch_default","content":"default","left":"150px","top":"543px"},{"id":"TyDGOu","type":"defer","content":"engine.showRoomChoices","left":"97px","top":"624px"},{"id":"rOTDbJ","type":"next_file","content":"${player.get('nextFile')}.json","left":"92px","top":"717px"}],"links":[{"from":"DWFiUm","to":"ggrGTs"},{"from":"ggrGTs","to":"fLOfks"},{"from":"fLOfks","to":"CtiCgd"},{"from":"fLOfks","to":"ZnRyIJ"},{"from":"ZnRyIJ","to":"wVsXHZ"},{"from":"CtiCgd","to":"TyDGOu"},{"from":"TyDGOu","to":"rOTDbJ"},{"from":"kprySCIVWm","to":"DWFiUm"}]}