{"name":"crew-library.json","nodes":[{"id":"EsBYfninEC","type":"root","content":"Root","top":"20px","left":"20px"},{"id":"tbRgAM","type":"defer","content":"engine.setupRoom","left":"225px","top":"92px"},{"id":"FBOrDH","type":"text","content":"Silence.  You have entered the library.  Though it pales in comparison to a proper library on earth, it is still a welcome respite from the the noise on the station.  Books are crammed into tightly-layered shelves, ranging from ancient history to self-help.  A few of them have fallen on the ground due to the turbulance of the station.  Nobody has put them back on the shelves yet.","left":"240px","top":"189px"},{"id":"cxwSTg","type":"switch","content":"switch","left":"350px","top":"425px"},{"id":"sPytgq","type":"switch_conditional","content":"player.get('event')","left":"510px","top":"479px"},{"id":"qgPRxE","type":"next_file","content":"${player.get('event')}.json","left":"575px","top":"557px"},{"id":"iyyOoA","type":"switch_default","content":"default","left":"162px","top":"549px"},{"id":"EgEFyL","type":"defer","content":"engine.showRoomChoices","left":"109px","top":"630px"},{"id":"SNRLna","type":"next_file","content":"${player.get('nextFile')}.json","left":"104px","top":"723px"}],"links":[{"from":"tbRgAM","to":"FBOrDH"},{"from":"FBOrDH","to":"cxwSTg"},{"from":"cxwSTg","to":"iyyOoA"},{"from":"cxwSTg","to":"sPytgq"},{"from":"sPytgq","to":"qgPRxE"},{"from":"iyyOoA","to":"EgEFyL"},{"from":"EgEFyL","to":"SNRLna"},{"from":"EsBYfninEC","to":"tbRgAM"}]}