{"name":"crew-cafeteria.json","nodes":[{"id":"kLPPNkcKFF","type":"root","content":"Root","top":"20px","left":"20px"},{"id":"MsfVsiWWFX","type":"switch","content":"switch","left":"414px","top":"334px"},{"id":"npRSVgbJRF","type":"switch_default","content":"default","left":"166px","top":"503px"},{"id":"faofnkYftr","type":"switch_conditional","content":"player.get('event')","left":"514px","top":"433px"},{"id":"siSfKRkMng","type":"next_file","content":"${player.get('event')}.json","left":"579px","top":"511px"},{"id":"yXgIAEFbpW","type":"text","content":"You step into the cafeteria.  Normally a bustling place where restless crew would come to enjoy food and a much-needed break; it is now vacant, devoid of anything edible, and eerily quiet.","left":"244px","top":"143px"},{"id":"MaIazT","type":"defer","content":"engine.showRoomChoices","left":"113px","top":"584px"},{"id":"fcSBQs","type":"next_file","content":"${player.get('nextFile')}.json","left":"108px","top":"677px"},{"id":"JlZfwM","type":"defer","content":"engine.setupRoom","left":"229px","top":"46px"}],"links":[{"to":"npRSVgbJRF","from":"MsfVsiWWFX"},{"to":"faofnkYftr","from":"MsfVsiWWFX"},{"to":"siSfKRkMng","from":"faofnkYftr"},{"from":"yXgIAEFbpW","to":"MsfVsiWWFX"},{"to":"MaIazT","from":"npRSVgbJRF"},{"to":"fcSBQs","from":"MaIazT"},{"to":"JlZfwM","from":"kLPPNkcKFF"},{"from":"JlZfwM","to":"yXgIAEFbpW"}]}