{"name":"hull-breach-malfunction.json","nodes":[{"id":"WfHHJKtVxB","type":"root","content":"Root","top":"20px","left":"20px"},{"id":"UdlbXH","type":"text","content":"*Crunch*  Alarmingly, a section of metal on a nearby wall begins to fold in on itself as it fails under the pressure difference between the station and the void of space.  It looks like poor maintenance is causing the wall to collapse! Bolts pop from the armored plating, ricocheting across the room at speeds faster than bullets.  In a few moments, a hull breach will occur if you don't do anything!","left":"181px","top":"108px"},{"id":"WxVAWI","type":"choice","content":"","left":"516px","top":"366px"},{"id":"sdZIoB","type":"choice_text","content":"Attempt to hold the metal together with your bare hands.","left":"781px","top":"555px"},{"id":"gAJXyq","type":"choice_text","content":"Run away!","left":"1282px","top":"676px"},{"id":"XQaIKQ","type":"choice_conditional","content":"player.get('Portable Forcefield')","left":"197px","top":"447px"},{"id":"lEDYsr","type":"choice_text","content":"[Portable Forcefield] Deploy the portable forcefield to block off a potential breach.","left":"170px","top":"539px"},{"id":"FJwIEH","type":"choice_conditional","content":"player.get('Alien Goo')","left":"513px","top":"496px"},{"id":"uyQDPZ","type":"choice_text","content":"[Alien Goo] Fling the jar of goo at the breach and hope that it holds it together.","left":"501px","top":"590px"},{"id":"znMdpM","type":"text","content":"You hurl the contraption at the wall right as the last bolt fails and a hole is ripped clean through the metal on the outside of the ship.  You get a brief glimpse into the void of space beyond the station when the portable forcefield activates, instantaneously expanding a thin layer of electric wall that spans the length of the room.  All the air is sucked from the cordoned-off section, and then suddenly the room is silent, save for the soft humming from the activated device.  It seems like you're safe for now.","left":"166px","top":"657px"},{"id":"gIhwez","type":"next_file","content":"room.json","left":"627px","top":"1724px"},{"id":"sbENJs","type":"text","content":"You fling the jar at the wall and it shatters on impact.  With a disgusting squelching noise, the goo smacks against the ground and begins to expand rapidly, quickly engulfing the entire panel until it reaches a maximum.  Underneath it, you hear a feint clanking of metal that abruptly stops.  The goo bows inwards for a moment, then resumes its normal shape.  Phew.  It looks like you're safe.  ","left":"501px","top":"686px"},{"id":"tguQct","type":"text","content":"Bravely, you rush forward, narrowly dodging a few bolts as they whizz past your body.  You look around for something... anything to help you...","left":"810px","top":"682px"},{"id":"KaQyBz","type":"pass_fail","content":"glob_pctChance(50)","left":"775px","top":"862px"},{"id":"aorfVz","type":"pass_text","content":"","left":"736px","top":"997px"},{"id":"nGhcBe","type":"fail_text","content":"","left":"1009px","top":"998px"},{"id":"bUHTKo","type":"text","content":"A hole opens in the wall and immediately the air begins rushing out into the space.  You scramble to take hold of something, flailing your arms wildly until, miraculously, they catch on some wire rigging.  With tremendous effort, you manage to pull yourself back to the entrance of the room and through the door.  You smash the the door's lock, and lay panting on the ground for a moment.  You were lucky this time, perhaps next time you won't be.","left":"736px","top":"1055px"},{"id":"edcePJ","type":"action","content":"glob_setPlayerAtPreviousRoom();","left":"675px","top":"1358px"},{"id":"CeUPKB","type":"text","content":"A hole opens in the wall and immediately the air begins rushing out into the space.  You scramble to take hold of something, flailing your arms wildly.  But it's no use.  Quickly you are sucked into the vastness of space, where there is no air to breath and no way for you to remain alive...","left":"1068px","top":"1089px"},{"id":"GnYVYa","type":"next_file","content":"game-over.json","left":"1175px","top":"1371px"},{"id":"KClAxY","type":"text","content":"Wasting no time, you dart to the nearest exit, quickly slamming the door's locking mechanism.  No sooner than having done this, you hear the telltale roar of a hull breach in the room as its contents quickly get sucked out into space.","left":"1408px","top":"755px"},{"id":"GRnHwX","type":"text","content":"You wont be able to get back through there without some kind of space suit.","left":"1429px","top":"939px"},{"id":"lCCySZ","type":"action","content":"glob_spawnItemInZone('Space Suit', 'main');","left":"1174px","top":"1591px"}],"links":[{"to":"UdlbXH","from":"WfHHJKtVxB"},{"to":"WxVAWI","from":"UdlbXH"},{"to":"sdZIoB","from":"WxVAWI"},{"to":"gAJXyq","from":"WxVAWI"},{"to":"XQaIKQ","from":"WxVAWI"},{"to":"lEDYsr","from":"XQaIKQ"},{"to":"FJwIEH","from":"WxVAWI"},{"to":"uyQDPZ","from":"FJwIEH"},{"to":"znMdpM","from":"lEDYsr"},{"to":"gIhwez","from":"znMdpM"},{"to":"sbENJs","from":"uyQDPZ"},{"from":"sbENJs","to":"gIhwez"},{"to":"tguQct","from":"sdZIoB"},{"to":"KaQyBz","from":"tguQct"},{"to":"aorfVz","from":"KaQyBz"},{"to":"nGhcBe","from":"KaQyBz"},{"to":"bUHTKo","from":"aorfVz"},{"to":"edcePJ","from":"bUHTKo"},{"to":"CeUPKB","from":"nGhcBe"},{"to":"GnYVYa","from":"CeUPKB"},{"to":"KClAxY","from":"gAJXyq"},{"to":"GRnHwX","from":"KClAxY"},{"to":"lCCySZ","from":"edcePJ"},{"from":"GRnHwX","to":"lCCySZ"},{"from":"lCCySZ","to":"gIhwez"}]}