{"name":"main-tavern.json","nodes":[{"id":"BbWgHNbwMZ","type":"root","content":"Root","top":"20px","left":"20px"},{"id":"fdfHqE","type":"defer","content":"engine.setupRoom","left":"254px","top":"71px"},{"id":"MaidTi","type":"text","content":"The smell of alcohol wrinkles your nose.  This is very clearly the tavern.  Upturned, wooden stools and tables are scattered across the floor.  Most of the drinks that had decorated the shelves behind the bar now lay shattered on the ground, leaving a dampness in the carbon-carpeted flooring.  You cannot help but think: what a waste...","left":"269px","top":"168px"},{"id":"cyxpqF","type":"switch","content":"switch","left":"359px","top":"397px"},{"id":"hEApdf","type":"switch_conditional","content":"player.get('event')","left":"539px","top":"458px"},{"id":"CCoKlE","type":"next_file","content":"${player.get('event')}.json","left":"604px","top":"536px"},{"id":"usEVkc","type":"switch_default","content":"default","left":"191px","top":"528px"},{"id":"JVRgDr","type":"defer","content":"engine.showRoomChoices","left":"138px","top":"609px"},{"id":"LxpIxt","type":"next_file","content":"${player.get('nextFile')}.json","left":"133px","top":"702px"}],"links":[{"from":"fdfHqE","to":"MaidTi"},{"from":"MaidTi","to":"cyxpqF"},{"from":"cyxpqF","to":"usEVkc"},{"from":"cyxpqF","to":"hEApdf"},{"from":"hEApdf","to":"CCoKlE"},{"from":"usEVkc","to":"JVRgDr"},{"from":"JVRgDr","to":"LxpIxt"},{"from":"BbWgHNbwMZ","to":"fdfHqE"}]}