{"name":"main.json","nodes":[{"id":"LbtUzdaIiJ","type":"root","content":"Root","top":"20px","left":"20px"},{"id":"sEdhNp","type":"next_file","content":"room.json","left":"258px","top":"303px"},{"id":"gdOPiT","type":"choice","content":"--- Welcome to WAYWARD STATION ---","left":"249px","top":"94px"},{"id":"MgMGno","type":"choice_text","content":"Play.","left":"82px","top":"191px"},{"id":"uJQiau","type":"choice_text","content":"Exit.","left":"410px","top":"202px"}],"links":[{"to":"gdOPiT","from":"LbtUzdaIiJ"},{"to":"MgMGno","from":"gdOPiT"},{"to":"uJQiau","from":"gdOPiT"},{"from":"uJQiau","to":"sEdhNp"},{"from":"MgMGno","to":"sEdhNp"}]}