{"name":"main.json","nodes":[{"id":"LbtUzdaIiJ","type":"root","content":"Root","top":"20px","left":"20px"},{"id":"aZYQEl","type":"choice","content":"This node currently has no actual content.","left":"200px","top":"110px"},{"id":"roSIKb","type":"choice_text","content":"This is choice 1","left":"108px","top":"243px"},{"id":"egEnof","type":"choice_text","content":"This is choice 2.","left":"372px","top":"256px"},{"id":"PGDREN","type":"next_file","content":"crew-cafeteria.json","left":"372px","top":"320px"},{"id":"iNUWXB","type":"next_file","content":"crew-cafeteria.json","left":"108px","top":"307px"}],"links":[{"to":"aZYQEl","from":"LbtUzdaIiJ"},{"to":"roSIKb","from":"aZYQEl"},{"to":"egEnof","from":"aZYQEl"},{"to":"PGDREN","from":"egEnof"},{"to":"iNUWXB","from":"roSIKb"}]}