{"name":"main-overlook.json","nodes":[{"id":"dlxpSFwqIb","type":"root","content":"Root","top":"20px","left":"20px"},{"id":"eopxlR","type":"defer","content":"engine.setupRoom","left":"254px","top":"71px"},{"id":"ltkRhL","type":"text","content":"A vast glass-panel overlooks the expanse of space.  It appears that this room's sole purpose was for scenery.  You cannot see much though, the solar-tinted windows block most of the harmful light in space.","left":"269px","top":"168px"},{"id":"blCorC","type":"switch","content":"switch","left":"439px","top":"359px"},{"id":"YgDMXc","type":"switch_conditional","content":"player.get('event')","left":"539px","top":"458px"},{"id":"uWgsJg","type":"next_file","content":"${player.get('event')}.json","left":"604px","top":"536px"},{"id":"LYVzVc","type":"switch_default","content":"default","left":"191px","top":"528px"},{"id":"ehxygu","type":"defer","content":"engine.showRoomChoices","left":"138px","top":"609px"},{"id":"BfKYKG","type":"next_file","content":"${player.get('nextFile')}.json","left":"133px","top":"702px"}],"links":[{"from":"eopxlR","to":"ltkRhL"},{"from":"ltkRhL","to":"blCorC"},{"from":"blCorC","to":"LYVzVc"},{"from":"blCorC","to":"YgDMXc"},{"from":"YgDMXc","to":"uWgsJg"},{"from":"LYVzVc","to":"ehxygu"},{"from":"ehxygu","to":"BfKYKG"},{"from":"dlxpSFwqIb","to":"eopxlR"}]}