{"name":"main-markets.json","nodes":[{"id":"TCzUbbTrHb","type":"root","content":"Root","top":"20px","left":"20px"},{"id":"KeHVgt","type":"defer","content":"engine.setupRoom","left":"254px","top":"71px"},{"id":"VKMbOZ","type":"text","content":"You enter a large dome of a room, the lights above shining brightly such that you shade your eyes to see.  It appears you have walked into the markets.  Stalls and stations for the various vendors who pass through the station are lined in neat rows in the center.  Some still have their advertisements and decorations still up, their owners having not bothered to remove them on the previous day.  It is eerie to be in this room without anybody in it.  Anything could jump out at you from inside one of the many hiding places here.","left":"269px","top":"168px"},{"id":"VNpokz","type":"switch","content":"switch","left":"439px","top":"359px"},{"id":"DVCxHc","type":"switch_conditional","content":"player.get('event')","left":"539px","top":"458px"},{"id":"oPfxFh","type":"next_file","content":"${player.get('event')}.json","left":"604px","top":"536px"},{"id":"YQfoKW","type":"switch_default","content":"default","left":"191px","top":"528px"},{"id":"gbpyHF","type":"defer","content":"engine.showRoomChoices","left":"138px","top":"609px"},{"id":"YedNXW","type":"next_file","content":"${player.get('nextFile')}.json","left":"133px","top":"702px"}],"links":[{"from":"KeHVgt","to":"VKMbOZ"},{"from":"VKMbOZ","to":"VNpokz"},{"from":"VNpokz","to":"YQfoKW"},{"from":"VNpokz","to":"DVCxHc"},{"from":"DVCxHc","to":"oPfxFh"},{"from":"YQfoKW","to":"gbpyHF"},{"from":"gbpyHF","to":"YedNXW"},{"from":"TCzUbbTrHb","to":"KeHVgt"}]}